feature,chi2_pvalue,n_levels,conversion_rate_min,conversion_rate_max,conversion_rate_spread,ppu_min,ppu_max,ppu_spread,rpu_min,rpu_max,rpu_spread,arppu_min,arppu_max,arppu_spread
age_group,0.000023,5,0.019963,0.035080,0.015117,0.073113,0.305239,0.232126,8.834551,51.267854,42.433303,355.009474,1461.466753,1106.457280
system,0.000000,3,0.018963,0.095238,0.076275,0.078970,0.282551,0.203581,11.864883,41.538873,29.673990,202.455000,1075.545603,873.090603
id_traffic_source,0.000000,6,0.000000,0.079208,0.079208,0.000000,0.816832,0.816832,0.000000,164.979332,164.979332,445.676984,2082.864063,1637.187078
country_group,0.000000,4,0.021182,0.052498,0.031316,0.056769,0.411451,0.354683,5.729367,53.471505,47.742138,238.550000,1181.091176,942.541176
