cohort,model,threshold,auc_roc,accuracy,precision_non_payer,recall_non_payer,f1_non_payer,precision_payer,recall_payer,f1_payer,n_test,n_test_payers
mobile,logistic_regression,0.5,0.772204941001054,0.7187993680884676,0.9910603426868637,0.7181932697498651,0.8328464106844741,0.06227544910179641,0.7428571428571429,0.11491712707182321,5697,140
mobile,random_forest,0.5,0.7750668397645183,0.7493417588204319,0.9909631391200951,0.7498650350908763,0.8537185003073141,0.06836461126005362,0.7285714285714285,0.125,5697,140
mobile,xgboost,0.5,0.7642959973264094,0.7382833070036862,0.9903521466473709,0.7388878891488213,0.8463361846851489,0.06447453255963895,0.7142857142857143,0.11827321111768184,5697,140
