cohort,dimension,p_value,chi2,flag,control_n,test_n
mobile,id_traffic_source,0.30402134692227717,4.840842007958221,OK,6070,5961
mobile,system,0.004003354091889354,13.314614282279969,WARN p<0.05,6070,5961
all,id_traffic_source,0.3655768372998131,5.430950414452745,OK,8913,8577
all,system,0.2834246177082833,5.037960739839301,OK,8913,8577
