scenario,metric,test,control_mean,test_mean,abs_diff,rel_diff_pct,ci_95_low,ci_95_high,p_value,p_bonferroni,significant
mobile,conversion_rate,Z-test (proportions),0.028830,0.028686,-0.000144,-0.498958,-0.006117,0.005829,0.518824,1.000000,False
mobile,payments_per_payer,Mann-Whitney U,3.885714,3.912281,0.026566,0.683695,-1.450265,1.530510,0.782379,1.000000,False
mobile,ARPP,Mann-Whitney U,514.910857,644.312690,129.401833,25.130919,-168.099863,451.048098,0.757550,1.000000,False
all_devices,conversion_rate,Z-test (proportions),0.030405,0.030314,-0.000091,-0.300598,-0.005178,0.004995,0.514047,1.000000,False
all_devices,payments_per_payer,Mann-Whitney U,3.549815,3.819231,0.269415,7.589557,-0.829825,1.372329,0.930401,1.000000,False
all_devices,ARPP,Mann-Whitney U,449.582694,644.958865,195.376172,43.457227,-30.219919,438.209635,0.961615,1.000000,False
