scenario,metric,test,control_mean,test_mean,abs_diff,rel_diff_pct,ci_95_low,ci_95_high,p_value,p_bonferroni,significant
mobile,payments_per_user,Mann-Whitney U,0.115157,0.112229,-0.002927,-2.541772,-0.052529,0.046619,0.269267,0.807802,False
mobile,RPU,Mann-Whitney U,15.050306,18.483052,3.432746,22.808480,-5.740700,13.505760,0.269925,0.809776,False
mobile,ARPP,Mann-Whitney U,491.157823,644.312690,153.154867,31.182414,-134.780423,468.681417,0.869253,1.000000,False
all_devices,payments_per_user,Mann-Whitney U,0.110176,0.115775,0.005599,5.081498,-0.032637,0.044391,0.301929,0.905788,False
all_devices,RPU,Mann-Whitney U,13.814639,19.551044,5.736405,41.524107,-1.603624,13.662348,0.304822,0.914467,False
all_devices,ARPP,Mann-Whitney U,435.087898,644.958865,209.870968,48.236453,-11.812637,453.042958,0.982496,1.000000,False
