scenario,metric,test,control_mean,test_mean,abs_diff,rel_diff_pct,ci_95_low,ci_95_high,p_value,p_bonferroni,significant
mobile,ARPP,Mann-Whitney U,491.157823,644.312690,153.154867,31.182414,-141.319132,477.003971,0.869253,1.000000,False
mobile,RPU,Mann-Whitney U,15.050306,18.483052,3.432746,22.808480,-5.822239,13.278310,0.269925,0.809776,False
mobile,conversion_rate,Proportions Z-test (one-tailed),0.030643,0.028686,-0.001956,-6.383428,-0.008019,0.004107,0.736365,1.000000,False
all_devices,ARPP,Mann-Whitney U,435.087898,644.958865,209.870968,48.236453,-10.587250,448.433170,0.982496,1.000000,False
all_devices,RPU,Mann-Whitney U,13.814639,19.551044,5.736405,41.524107,-1.792558,13.555199,0.304822,0.914467,False
all_devices,conversion_rate,Proportions Z-test (one-tailed),0.031751,0.030314,-0.001438,-4.528134,-0.006577,0.003702,0.708167,1.000000,False
