scenario,metric,test,control_mean,test_mean,abs_diff,rel_diff_pct,ci_95_low,ci_95_high,p_value,p_bonferroni,significant
mobile,payments_per_user,Mann-Whitney U,0.115157,0.112229,-0.002927,-2.541772,-0.052529,0.046619,0.538535,1.000000,False
mobile,RPU,Mann-Whitney U,15.050306,18.483052,3.432746,22.808480,-5.740700,13.505760,0.539851,1.000000,False
mobile,conversion_rate,Chi-square,0.030643,0.028686,-0.001956,-6.383428,,,0.527271,1.000000,False
all_devices,payments_per_user,Mann-Whitney U,0.110176,0.115775,0.005599,5.081498,-0.031567,0.044696,0.603858,1.000000,False
all_devices,RPU,Mann-Whitney U,13.814639,19.551044,5.736405,41.524107,-1.661163,13.948948,0.609644,1.000000,False
all_devices,conversion_rate,Chi-square,0.031751,0.030314,-0.001438,-4.528134,,,0.583666,1.000000,False
