split_group,attempts,successes,success_rate,p_value
0,1137,699,0.6147757255936676,2.2823304462918173e-05
1,950,669,0.7042105263157895,2.2823304462918173e-05
