group,attempts,successes,success_rate,chi2,p_value
control,1137,699,0.6147757255936676,17.93788059350456,2.2823304462918173e-05
test,950,669,0.7042105263157895,17.93788059350456,2.2823304462918173e-05
