cohort,n_users,paying_users,conversion_rate,total_revenue,mean_rpu,median_rpu,mean_median_ratio_all,mean_arpu_payers,median_arpu_payers,mean_median_ratio_payers,gini_all,gini_payers,top_pct_80pct_revenue,whale_model
Mobile Only (combined),12031,357,0.029673,201532.825000,16.751128,0.000000,inf,564.517717,80.580000,7.005680,0.993595,0.784166,0.004738,True
Mobile Only -- Control,6070,186,0.030643,91355.355000,15.050306,0.000000,inf,491.157823,46.660000,10.526314,0.992888,0.767913,0.005272,True
Mobile Only -- Test,5961,171,0.028686,110177.470000,18.483052,0.000000,inf,644.312690,86.680000,7.433234,0.994120,0.795041,0.004362,True
All Devices (combined),17490,543,0.031046,290819.180000,16.627740,0.000000,inf,535.578600,86.680000,6.178802,0.992980,0.773883,0.005374,True
All Devices -- Control,8913,283,0.031751,123129.875000,13.814639,0.000000,inf,435.087898,46.660000,9.324644,0.992262,0.756279,0.005610,True
All Devices -- Test,8577,260,0.030314,167689.305000,19.551044,0.000000,inf,644.958865,104.170000,6.191407,0.993392,0.782026,0.005247,True
